product_name,category_name,status,description,material,color,color_hex,sku,barcode,price_rupees,compare_at_price_rupees,is_active,option_google_drive_image_links,shared_google_drive_image_links
Premium Ceramic 7 pcs Tea Coffee Sugar & Spice Jar Set White_LQ-7KC,Canister Set,PUBLISHED,"Keep your kitchen neat, stylish, and organized with this Premium 7-Piece Ceramic Canister Set. Crafted from high-quality ceramic with elegant floral detailing, each jar features a natural bamboo lid with a silicone seal to help keep tea, coffee, sugar, spices, and other dry ingredients fresh for longer.The included bamboo storage tray keeps all seven containers neatly arranged while adding a modern touch to your kitchen countertop. Designed for both beauty and functionality, this canister set is perfect for everyday use and makes a thoughtful gift for housewarmings, weddings, and festive occasions.",Ceramic,Gray,,LQ-7KC,LQ-7KC,5900,8260,TRUE,https://drive.google.com/file/d/1ZnzuqyfO8OHUVdlToTsGxCEQSnX0atWy/view?usp=drive_link,"https://drive.google.com/file/d/1iLs68AZrQBSNpnR1c4l5ykP9YN8DjaUY/view?usp=drive_link
https://drive.google.com/file/d/1Pu4J2VEgTLWyxpBmgLQM7q5_G202F_fp/view?usp=drive_link
https://drive.google.com/file/d/1eNrmeb0AcuohoXJ8ZQ2p6mmKfVHDY6vh/view?usp=drive_link"
7 pcs Luxury Pearl White & Sky Blue Ceramic Tea Set with 6 Cups & Serving Tray_16187-29,Tea Set,PUBLISHED,"Add a touch of luxury to your tea time with this beautifully designed pearl white tea set. Featuring a graceful teapot with a golden lid accent, six matching textured cups, and a stylish serving tray, this set is perfect for serving tea, coffee, or special beverages to guests. ",Ceramic,Gray,,16187-29-Grey,16187-29-GREY,6900,9660,TRUE,"https://drive.google.com/file/d/17Ek09Bk3NjFvdUgxTUtd4fjH94yYkis6/view?usp=drive_link
https://drive.google.com/file/d/1GhtR99MFXUaM3RlggUC8KJPZampkqJjh/view?usp=drive_link
https://drive.google.com/file/d/15ikpHHyGmXMWuugjTaRGS1_R45DcM_mS/view?usp=drive_link
https://drive.google.com/file/d/1ukwIdXsTHxxA17wIbNvjKjF2KVAwz3X2/view?usp=drive_link",
7 pcs Luxury Pearl White & Sky Blue Ceramic Tea Set with 6 Cups & Serving Tray_16187-29,Tea Set,PUBLISHED,"Add a touch of luxury to your tea time with this beautifully designed pearl white tea set. Featuring a graceful teapot with a golden lid accent, six matching textured cups, and a stylish serving tray, this set is perfect for serving tea, coffee, or special beverages to guests. ",Ceramic,White,,16187-29-White,16187-29-WHITE,6900,9660,TRUE,"https://drive.google.com/file/d/17_5uzD1vYLJRqN-kWAo9TWhYM7v0et2u/view?usp=drive_link
https://drive.google.com/file/d/1wU15n8ZsYIJwnvsfwcT06lPhBEZV4ACv/view?usp=drive_link
https://drive.google.com/file/d/1WMgJhv51wRqpaokqyC_IZcYUp_18Fkju/view?usp=drive_link
https://drive.google.com/file/d/107_N0j3zE_SEsqxSeE1ahMq-D_6RLjVH/view?usp=drive_link",
7 pcs Luxury Pearl White & Sky Blue Ceramic Tea Set with 6 Cups & Serving Tray_16187-29,Tea Set,PUBLISHED,"Add a touch of luxury to your tea time with this beautifully designed pearl white tea set. Featuring a graceful teapot with a golden lid accent, six matching textured cups, and a stylish serving tray, this set is perfect for serving tea, coffee, or special beverages to guests. ",Ceramic,Blue,,16187-29-Blue,16187-29-BLUE,6900,9660,TRUE,"https://drive.google.com/file/d/1l2NbeeJr52_LhM6K3kUSdSzg7MeVDRmp/view?usp=drive_link
https://drive.google.com/file/d/1ofgXOkeicmStxARbWV3BslYyo2Uu_rDY/view?usp=drive_link
https://drive.google.com/file/d/19Dtl-9hqnFC5hVq8EmTiSGV3T75Kk0CV/view?usp=drive_link
https://drive.google.com/file/d/12lj7WCc0BE9-EzhaFzIYBrQYkIRrLwLE/view?usp=drive_link",
Premium 7-Piece Ceramic Storage Jar Set with Wooden Tray_LQ104,Canister Set,PUBLISHED,"Upgrade your kitchen with this Premium 7-Piece Ribbed Ceramic Canister Set, thoughtfully designed to combine elegance, durability, and everyday functionality. Crafted from high-quality food-grade ceramic with a beautiful ribbed finish, each jar features a natural bamboo lid with a silicone airtight seal to keep your ingredients fresh and protected from moisture.The set includes 3 large canisters for tea, coffee, and sugar, along with 4 smaller jars for spices, all neatly organized on a sturdy two-tier bamboo tray that saves counter space while adding a modern touch to your kitchen décor.Perfect for storing a variety of dry ingredients, this stylish organizer is both practical and decorative, making it an excellent addition to any contemporary kitchen or a thoughtful gift for family and friends.",Ceramic,Blue,,LQ104,LQ104,4900,6860,TRUE,https://drive.google.com/file/d/1C28R4uWTbAPaTsYy0GwC1cedrbIwF2SX/view?usp=drive_link,"https://drive.google.com/file/d/1JM1LpWmvSG1zR0fEI3kyBd9LF7sZzsFQ/view?usp=drive_link
https://drive.google.com/file/d/1AOaajw7S0OI8e0qPqIKwfj3MyhfqM95t/view?usp=drive_link
https://drive.google.com/file/d/1CuvuNO8LgNmftgz7asKxc_xR3UHnh6gO/view?usp=drive_link"
